key,oid_freebase,oid_name,objects365_name,coco_name
_bottle_bottle,,,bottle,bottle
_cup_cup,,,cup,cup
_dining table_dining table,,,dining table,dining table
_cake_cake,,,cake,cake
_wild bird_bird,,,wild bird,bird
_knife_knife,,,knife,knife
_remote_remote,,,remote,remote
_microwave_microwave,,,microwave,microwave
_frisbee_frisbee,,,frisbee,frisbee
_toothbrush_toothbrush,,,toothbrush,toothbrush
Footwear_sneakers_,/m/09j5n,Footwear,sneakers,
Picture frame_picture/frame_,/m/06z37_,Picture frame,picture/frame,
Table_desk_,/m/04bcr3,Table,desk,
Street light_street lights_,/m/033rq4,Street light,street lights,
Book_book_,/m/0bt_c3,Book,book,
Helmet_helmet_,/m/0zvk5,Helmet,helmet,
Pillow_pillow_,/m/034c16,Pillow,pillow,
Box_storage box_,/m/025dyy,Box,storage box,
Bowl_bowl_,/m/04kkgm,Bowl,bowl,
Watercraft_boat_,/m/01rzcn,Watercraft,boat,
Flag_flag_,/m/03120,Flag,flag,
Stool_stool_,/m/0fqt361,Stool,stool,
Doll_toy_,/m/0167gd,Doll,toy,
Pen_pen/pencil_,/m/0k1tl,Pen,pen/pencil,
Microphone_microphone_,/m/0hg7b,Microphone,microphone,
Tap_faucet_,/m/02jz0l,Tap,faucet,
Bread_bread_,/m/09728,Bread,bread,
Sandal_high heels_,/m/03nfch,Sandal,high heels,
Fish_fish_,/m/0ch_cf,Fish,fish,
Camera_camera_,/m/0dv5r,Camera,camera,
Candle_candle_,/m/0c06p,Candle,candle,
Paddle_paddle_,/m/014y4n,Paddle,paddle,
Drum_drum_,/m/026t6,Drum,drum,
Guitar_guitar_,/m/0342h,Guitar,guitar,
Kettle_tea pot_,/m/03s_tn,Kettle,tea pot,
Ceiling fan_fan_,/m/03ldnb,Ceiling fan,fan,
Whiteboard_blackboard/whiteboard_,/m/02d9qx,Whiteboard,blackboard/whiteboard,
Balloon_balloon_,/m/01j51,Balloon,balloon,
Corded phone_telephone_,/m/0h8lkj8,Corded phone,telephone,
Orange_orange_,/m/0cyhj_,Orange,orange,
Football_soccer_,/m/01226z,Football,soccer,
Toilet paper_paper towel_,/m/09gtd,Toilet paper,paper towel,
Tomato_tomato_,/m/07j87,Tomato,tomato,
Tent_tent_,/m/01j61q,Tent,tent,
Lantern_lantern_,/m/01jfsr,Lantern,lantern,
Kite_kite_,/m/02zt3,Kite,kite,
Gas stove_gas stove_,/m/02wv84t,Gas stove,gas stove,
Spatula_shovel_,/m/02d1br,Spatula,shovel,
Rifle_gun_,/m/06c54,Rifle,gun,
Lemon_lemon_,/m/09k_b,Lemon,lemon,
Squash_pumpkin_,/m/0dv77,Squash,pumpkin,
Musical keyboard_piano_,/m/057cc,Musical keyboard,piano,
Washing machine_washing machine_,/m/0174k2,Washing machine,washing machine,
Cookie_cookies_,/m/021mn,Cookie,cookies,
Cutting board_cutting/chopping board_,/m/02pdsw,Cutting board,cutting/chopping board,
Roller skates_skating and skiing shoes_,/m/02p3w7d,Roller skates,skating and skiing shoes,
Cricket ball_baseball_,/m/02ctlc,Cricket ball,baseball,
Strawberry_strawberry_,/m/07fbm7,Strawberry,strawberry,
Coffeemaker_coffee machine_,/m/07xyvk,Coffeemaker,coffee machine,
Suitcase_suitcase_,/m/01s55n,Suitcase,suitcase,
Grape_grapes_,/m/0388q,Grape,grapes,
Ladder_ladder_,/m/012w5l,Ladder,ladder,
Pear_pear_,/m/061_f,Pear,pear,
Rugby ball_american football_,/m/0wdt60w,Rugby ball,american football,
Printer_printer_,/m/01m4t,Printer,printer,
Duck_goose_,/m/09ddx,Duck,goose,
Tennis ball_tennis ball_,/m/05ctyq,Tennis ball,tennis ball,
Chopsticks_chopsticks_,/m/01_5g,Chopsticks,chopsticks,
Hamburger_hamburger_,/m/0cdn1,Hamburger,hamburger,
Cucumber_cucumber_,/m/015x4r,Cucumber,cucumber,
Mixer_blender_,/m/063rgb,Mixer,blender,
Deer_deer_,/m/09kx5,Deer,deer,
Egg_egg_,/m/033cnk,Egg,egg,
Barge_ship_,/m/01btn,Barge,ship,
Turkey_chicken_,/m/0jly1,Turkey,chicken,
Ice cream_ice cream_,/m/0cxn2,Ice cream,ice cream,
Adhesive tape_tape_,/m/03m3vtv,Adhesive tape,tape,
Wheelchair_wheelchair_,/m/0qmmr,Wheelchair,wheelchair,
Cabbage_cabbage_,/m/0fbw6,Cabbage,cabbage,
Golf ball_golf ball_,/m/044r5d,Golf ball,golf ball,
Peach_peach_,/m/0dj6p,Peach,peach,
Cello_cello_,/m/01xqw,Cello,cello,
Helicopter_helicopter_,/m/09ct_,Helicopter,helicopter,
Penguin_penguin_,/m/05z6w,Penguin,penguin,
Swan_swan_,/m/0dftk,Swan,swan,
French fries_french fries_,/m/02y6n,French fries,french fries,
Saxophone_saxophone_,/m/06ncr,Saxophone,saxophone,
Trombone_trumpet_,/m/07c6l,Trombone,trumpet,
Raccoon_bear_,/m/0dq75,Raccoon,bear,
Tablet computer_tablet_,/m/0bh9flk,Tablet computer,tablet,
Volleyball_volleyball_,/m/02rgn06,Volleyball,volleyball,
Dumbbell_dumbbell_,/m/04h8sr,Dumbbell,dumbbell,
Camel_camel_,/m/01x_v,Camel,camel,
Goldfish_goldfish_,/m/03fj2,Goldfish,goldfish,
Antelope_antelope_,/m/0czz2,Antelope,antelope,
Shrimp_shrimp_,/m/0ll1f78,Shrimp,shrimp,
Cart_rickshaw_,/m/018p4k,Cart,rickshaw,
Coconut_coconut_,/m/0djtd,Coconut,coconut,
Jellyfish_jellyfish_,/m/0d8zb,Jellyfish,jellyfish,
Treadmill_treadmill_,/m/030610,Treadmill,treadmill,
Butterfly_butterfly_,/m/0cyf8,Butterfly,butterfly,
Pig_pig_,/m/068zj,Pig,pig,
Shower_hair drier_,/m/02f9f_,Shower,hair drier,
Asparagus_green onion_,/m/0cjs7,Asparagus,green onion,
Dolphin_dolphin_,/m/02hj4,Dolphin,dolphin,
Sushi_sushi_,/m/07030,Sushi,sushi,
Burrito_spring rolls_,/m/01j3zr,Burrito,spring rolls,
Tortoise_tortoise/turtle_,/m/011k07,Tortoise,tortoise/turtle,
Parrot_parrot_,/m/0gv1x,Parrot,parrot,
Flute_flute_,/m/0l14j_,Flute,flute,
Shark_shark_,/m/0by6g,Shark,shark,
Binoculars_binoculars_,/m/0lt4_,Binoculars,binoculars,
Alpaca_llama_,/m/0pcr,Alpaca,llama,
Pasta_noodles_,/m/05z55,Pasta,noodles,
Shellfish_crab_,/m/0fbdv,Shellfish,crab,
Lion_lion_,/m/096mb,Lion,lion,
Polar bear_polar bear_,/m/0633h,Polar bear,polar bear,
Sea lion_seal_,/m/0gd36,Sea lion,seal,
Table tennis racket_table tennis paddle_,/m/05_5p_0,Table tennis racket,table tennis paddle,
Starfish_starfish_,/m/01h8tj,Starfish,starfish,
Falcon_eagle_,/m/0f6wt,Falcon,eagle,
Monkey_monkey_,/m/08pbxl,Monkey,monkey,
Rabbit_rabbit_,/m/06mf6,Rabbit,rabbit,
Ambulance_ambulance_,/m/012n7d,Ambulance,ambulance,
Segway_hoverboard_,/m/076bq,Segway,hoverboard,
Truck__truck,/m/07r04,Truck,,truck
Boat__boat,/m/019jd,Boat,,boat
Bear__bear,/m/01dws,Bear,,bear
Handbag__handbag,/m/080hkjn,Handbag,,handbag
Ball__sports ball,/m/018xm,Ball,,sports ball
Sandwich__sandwich,/m/0l515,Sandwich,,sandwich
Bidet__toilet,/m/01vbnl,Bidet,,toilet
Computer monitor__tv,/m/02522,Computer monitor,,tv
Vase__vase,/m/02s195,Vase,,vase
Person_person_person,/m/01g317,Person,person,person
Chair_chair_chair,/m/01mzpv,Chair,chair,chair
Car_car_car,/m/0k4j,Car,car,car
Houseplant_potted plant_potted plant,/m/03fp41,Houseplant,potted plant,potted plant
Bench2_bench_bench,/m/0cvnqh,Bench2,bench,bench
Wine glass_wine glass_wine glass,/m/09tvcd,Wine glass,wine glass,wine glass
Umbrella_umbrella_umbrella,/m/0hnnb,Umbrella,umbrella,umbrella
Backpack_backpack_backpack,/m/01940j,Backpack,backpack,backpack
Loveseat_couch_couch,/m/0703r8,Loveseat,couch,couch
Tie_tie_tie,/m/01rkbr,Tie,tie,tie
Infant bed_bed_bed,/m/061hd_,Infant bed,bed,bed
Traffic light_traffic light_traffic light,/m/015qff,Traffic light,traffic light,traffic light
Bicycle_bicycle_bicycle,/m/0199g,Bicycle,bicycle,bicycle
Sink_sink_sink,/m/0130jx,Sink,sink,sink
Horse_horse_horse,/m/03k3r,Horse,horse,horse
Apple_apple_apple,/m/014j1m,Apple,apple,apple
Teddy bear_teddy bear_teddy bear,/m/0kmg4,Teddy bear,teddy bear,teddy bear
Motorcycle_motorcycle_motorcycle,/m/04_sv,Motorcycle,motorcycle,motorcycle
Laptop_laptop_laptop,/m/01c648,Laptop,laptop,laptop
Mobile phone_cell phone_cell phone,/m/050k8,Mobile phone,cell phone,cell phone
Cattle_cow_cow,/m/01xq0k1,Cattle,cow,cow
Clock_clock_clock,/m/01x3z,Clock,clock,clock
Fork_fork_fork,/m/0dt3t,Fork,fork,fork
Bus_bus_bus,/m/01bjv,Bus,bus,bus
Sheep_sheep_sheep,/m/07bgp,Sheep,sheep,sheep
Computer keyboard_keyboard_keyboard,/m/01m2v,Computer keyboard,keyboard,keyboard
Dog_dog_dog,/m/0bt9lr,Dog,dog,dog
Spoon_spoon_spoon,/m/0cmx8,Spoon,spoon,spoon
Mouse2_mouse_mouse,/m/020lf,Mouse2,mouse,mouse
Banana_banana_banana,/m/09qck,Banana,banana,banana
Airplane_airplane_airplane,/m/0cmf2,Airplane,airplane,airplane
Briefcase_luggage_suitcase,/m/0584n8,Briefcase,luggage,suitcase
Ski_skis_skis,/m/071p9,Ski,skis,skis
Baseball glove_baseball glove_baseball glove,/m/03grzl,Baseball glove,baseball glove,baseball glove
Refrigerator_refrigerator_refrigerator,/m/040b_t,Refrigerator,refrigerator,refrigerator
Train_train_train,/m/07jdr,Train,train,train
Doughnut_donut_donut,/m/0jy4k,Doughnut,donut,donut
Grapefruit_tangerine_orange,/m/0hqkz,Grapefruit,tangerine,orange
Pizza_pizza_pizza,/m/0663v,Pizza,pizza,pizza
Elephant_elephant_elephant,/m/0bwd_0j,Elephant,elephant,elephant
Broccoli_broccoli_broccoli,/m/0hkxq,Broccoli,broccoli,broccoli
Baseball bat_baseball bat_baseball bat,/m/03g8mr,Baseball bat,baseball bat,baseball bat
Skateboard_skateboard_skateboard,/m/06_fw,Skateboard,skateboard,skateboard
Surfboard_surfboard_surfboard,/m/019w40,Surfboard,surfboard,surfboard
Cat_cat_cat,/m/01yrx,Cat,cat,cat
Zebra_zebra_zebra,/m/0898b,Zebra,zebra,zebra
Giraffe_giraffe_giraffe,/m/03bk1,Giraffe,giraffe,giraffe
Stop sign_stop sign_stop sign,/m/02pv19,Stop sign,stop sign,stop sign
Carrot_carrot_carrot,/m/0fj52s,Carrot,carrot,carrot
Tennis racket_tennis racket_tennis racket,/m/0h8my_4,Tennis racket,tennis racket,tennis racket
Scissors_scissors_scissors,/m/01lsmm,Scissors,scissors,scissors
Snowboard_snowboard_snowboard,/m/06__v,Snowboard,snowboard,snowboard
Fire hydrant_fire hydrant_fire hydrant,/m/01pns0,Fire hydrant,fire hydrant,fire hydrant
Hot dog_hot dog_hot dog,/m/01b9xk,Hot dog,hot dog,hot dog
Toaster_toaster_toaster,/m/01k6s3,Toaster,toaster,toaster
_hat_,,,hat,
_lamp_,,,lamp,
_cabinet/shelf_,,,cabinet/shelf,
_glasses_,,,glasses,
_handbag_,,,handbag,
_plate_,,,plate,
_leather shoes_,,,leather shoes,
_glove_,,,glove,
_bracelet_,,,bracelet,
_flower_,,,flower,
_tv_,,,tv,
_vase_,,,vase,
_boots_,,,boots,
_speaker_,,,speaker,
_trash bin/can_,,,trash bin/can,
_belt_,,,belt,
_carpet_,,,carpet,
_basket_,,,basket,
_towel/napkin_,,,towel/napkin,
_slippers_,,,slippers,
_barrel/bucket_,,,barrel/bucket,
_coffee table_,,,coffee table,
_suv_,,,suv,
_sandals_,,,sandals,
_canned_,,,canned,
_necklace_,,,necklace,
_mirror_,,,mirror,
_ring_,,,ring,
_van_,,,van,
_watch_,,,watch,
_traffic sign_,,,traffic sign,
_truck_,,,truck,
_power outlet_,,,power outlet,
_hanger_,,,hanger,
_nightstand_,,,nightstand,
_pot/pan_,,,pot/pan,
_traffic cone_,,,traffic cone,
_tripod_,,,tripod,
_hockey_,,,hockey,
_air conditioner_,,,air conditioner,
_cymbal_,,,cymbal,
_pickup truck_,,,pickup truck,
_trolley_,,,trolley,
_oven_,,,oven,
_machinery vehicle_,,,machinery vehicle,
_shampoo/shower gel_,,,shampoo/shower gel,
_head phone_,,,head phone,
_cleaning products_,,,cleaning products,
_sailboat_,,,sailboat,
_computer box_,,,computer box,
_toiletries_,,,toiletries,
_toilet_,,,toilet,
_stroller_,,,stroller,
_surveillance camera_,,,surveillance camera,
_life saver_,,,life saver,
_liquid soap_,,,liquid soap,
_duck_,,,duck,
_sports car_,,,sports car,
_radiator_,,,radiator,
_converter_,,,converter,
_tissue _,,,tissue,
_vent_,,,vent,
_candy_,,,candy,
_folder_,,,folder,
_bow tie_,,,bow tie,
_pigeon_,,,pigeon,
_pepper_,,,pepper,
_bathtub_,,,bathtub,
_basketball_,,,basketball,
_potato_,,,potato,
_paint brush_,,,paint brush,
_billiards_,,,billiards,
_projector_,,,projector,
_sausage_,,,sausage,
_fire extinguisher_,,,fire extinguisher,
_extension cord_,,,extension cord,
_facial mask_,,,facial mask,
_electronic stove and gas stove_,,,electronic stove and gas stove,
_pie_,,,pie,
_kettle_,,,kettle,
_golf club_,,,golf club,
_clutch_,,,clutch,
_tong_,,,tong,
_slide_,,,slide,
_facial cleanser_,,,facial cleanser,
_mango_,,,mango,
_violin_,,,violin,
_marker_,,,marker,
_onion_,,,onion,
_plum_,,,plum,
_bar soap_,,,bar soap,
_scale_,,,scale,
_watermelon_,,,watermelon,
_router/modem_,,,router/modem,
_pine apple_,,,pine apple,
_crane_,,,crane,
_fire truck_,,,fire truck,
_notepaper_,,,notepaper,
_tricycle_,,,tricycle,
_green beans_,,,green beans,
_brush_,,,brush,
_carriage_,,,carriage,
_cigar_,,,cigar,
_earphone_,,,earphone,
_hurdle_,,,hurdle,
_swing_,,,swing,
_radio_,,,radio,
_CD_,,,CD,
_parking meter_,,,parking meter,
_garlic_,,,garlic,
_horn_,,,horn,
_avocado_,,,avocado,
_sandwich_,,,sandwich,
_cue_,,,cue,
_kiwi fruit_,,,kiwi fruit,
_fishing rod_,,,fishing rod,
_cherry_,,,cherry,
_green vegetables_,,,green vegetables,
_nuts_,,,nuts,
_corn_,,,corn,
_key_,,,key,
_screwdriver_,,,screwdriver,
_globe_,,,globe,
_broom_,,,broom,
_pliers_,,,pliers,
_hammer_,,,hammer,
_eggplant_,,,eggplant,
_trophy_,,,trophy,
_dates_,,,dates,
_board eraser_,,,board eraser,
_rice_,,,rice,
_tape measure/ruler_,,,tape measure/ruler,
_hamimelon_,,,hamimelon,
_stapler_,,,stapler,
_lettuce_,,,lettuce,
_meat balls_,,,meat balls,
_medal_,,,medal,
_toothpaste_,,,toothpaste,
_trombone_,,,trombone,
_pomegranate_,,,pomegranate,
_mushroom_,,,mushroom,
_calculator_,,,calculator,
_egg tart_,,,egg tart,
_cheese_,,,cheese,
_pomelo_,,,pomelo,
_race car_,,,race car,
_rice cooker_,,,rice cooker,
_tuba_,,,tuba,
_crosswalk sign_,,,crosswalk sign,
_papaya_,,,papaya,
_chips_,,,chips,
_urinal_,,,urinal,
_donkey_,,,donkey,
_electric drill_,,,electric drill,
_measuring cup_,,,measuring cup,
_steak_,,,steak,
_poker card_,,,poker card,
_radish_,,,radish,
_yak_,,,yak,
_mop_,,,mop,
_microscope_,,,microscope,
_barbell_,,,barbell,
_bread/bun_,,,bread/bun,
_baozi_,,,baozi,
_red cabbage_,,,red cabbage,
_lighter_,,,lighter,
_mangosteen_,,,mangosteen,
_comb_,,,comb,
_eraser_,,,eraser,
_pitaya_,,,pitaya,
_scallop_,,,scallop,
_pencil case_,,,pencil case,
_saw_,,,saw,
_okra_,,,okra,
_durian_,,,durian,
_game board_,,,game board,
_french horn_,,,french horn,
_asparagus_,,,asparagus,
_pasta_,,,pasta,
_target_,,,target,
_hotair balloon_,,,hotair balloon,
_chainsaw_,,,chainsaw,
_lobster_,,,lobster,
_iron_,,,iron,
_flashlight_,,,flashlight,
__parking meter,,,,parking meter
__kite,,,,kite
__bowl,,,,bowl
__oven,,,,oven
__book,,,,book
__hair drier,,,,hair drier
Rose__,/m/06m11,Rose,,
Flashlight__,/m/01kb5b,Flashlight,,
Sea turtle__,/m/0120dh,Sea turtle,,
Animal__,/m/0jbk,Animal,,
Glove__,/m/0174n1,Glove,,
Crocodile__,/m/09f_2,Crocodile,,
House__,/m/03jm5,House,,
Guacamole__,/m/02g30s,Guacamole,,
Vehicle registration plate__,/m/01jfm_,Vehicle registration plate,,
Bench1__,/m/076lb9,Bench1,,
Ladybug__,/m/0gj37,Ladybug,,
Human nose__,/m/0k0pj,Human nose,,
Watermelon__,/m/0kpqd,Watermelon,,
Taco__,/m/07crc,Taco,,
Cake__,/m/0fszt,Cake,,
Cannon__,/m/020kz,Cannon,,
Tree__,/m/07j7r,Tree,,
Bed__,/m/03ssj5,Bed,,
Hamster__,/m/03qrc,Hamster,,
Hat__,/m/02dl1y,Hat,,
Sombrero__,/m/02jfl0,Sombrero,,
Tiara__,/m/01krhy,Tiara,,
Dragonfly__,/m/0ft9s,Dragonfly,,
Moths and butterflies__,/m/0d_2m,Moths and butterflies,,
Vegetable__,/m/0f4s2w,Vegetable,,
Torch__,/m/07dd4,Torch,,
Building__,/m/0cgh4,Building,,
Power plugs and sockets__,/m/03bbps,Power plugs and sockets,,
Blender__,/m/02pjr4,Blender,,
Billiard table__,/m/04p0qw,Billiard table,,
Bronze sculpture__,/m/01yx86,Bronze sculpture,,
Turtle__,/m/09dzg,Turtle,,
Tiger__,/m/07dm6,Tiger,,
Mirror__,/m/054_l,Mirror,,
Zucchini__,/m/027pcv,Zucchini,,
Dress__,/m/01d40f,Dress,,
Reptile__,/m/06bt6,Reptile,,
Golf cart__,/m/0323sq,Golf cart,,
Tart__,/m/02zvsm,Tart,,
Fedora__,/m/02fq_6,Fedora,,
Carnivore__,/m/01lrl,Carnivore,,
Lighthouse__,/m/04h7h,Lighthouse,,
Food processor__,/m/03y6mg,Food processor,,
Bookcase__,/m/03__z0,Bookcase,,
Necklace__,/m/01llwg,Necklace,,
Flower__,/m/0c9ph5,Flower,,
Radish__,/m/015x5n,Radish,,
Marine mammal__,/m/0gd2v,Marine mammal,,
Frying pan__,/m/04v6l4,Frying pan,,
Knife__,/m/04ctx,Knife,,
Christmas tree__,/m/025nd,Christmas tree,,
Eagle__,/m/09csl,Eagle,,
Limousine__,/m/01lcw4,Limousine,,
Kitchen & dining room table__,/m/0h8n5zk,Kitchen & dining room table,,
Tower__,/m/01fdzj,Tower,,
Willow__,/m/0mw_6,Willow,,
Human head__,/m/04hgtk,Human head,,
Dessert__,/m/0270h,Dessert,,
Bee__,/m/01h3n,Bee,,
Wood-burning stove__,/m/04169hn,Wood-burning stove,,
Flowerpot__,/m/0fm3zh,Flowerpot,,
Beaker__,/m/0d20w4,Beaker,,
Oyster__,/m/0_cp5,Oyster,,
Woodpecker__,/m/01dy8n,Woodpecker,,
Harp__,/m/03m5k,Harp,,
Bathtub__,/m/03dnzn,Bathtub,,
Wall clock__,/m/0h8mzrc,Wall clock,,
Sports uniform__,/m/0h8mhzd,Sports uniform,,
Rhinoceros__,/m/03d443,Rhinoceros,,
Beehive__,/m/01gllr,Beehive,,
Cupboard__,/m/0642b4,Cupboard,,
Chicken__,/m/09b5t,Chicken,,
Man__,/m/04yx4,Man,,
Blue jay__,/m/01f8m5,Blue jay,,
Fireplace__,/m/03tw93,Fireplace,,
Missile__,/m/04ylt,Missile,,
Squirrel__,/m/071qp,Squirrel,,
Coat__,/m/01xygc,Coat,,
Punching bag__,/m/0420v5,Punching bag,,
Billboard__,/m/01knjb,Billboard,,
Door handle__,/m/03c7gz,Door handle,,
Mechanical fan__,/m/02x984l,Mechanical fan,,
Ring binder__,/m/04zwwv,Ring binder,,
Sock__,/m/01nq26,Sock,,
Weapon__,/m/083kb,Weapon,,
Shotgun__,/m/06nrc,Shotgun,,
Glasses__,/m/0jyfg,Glasses,,
Seahorse__,/m/0nybt,Seahorse,,
Belt__,/m/0176mf,Belt,,
Window__,/m/0d4v4,Window,,
Tire__,/m/0h9mv,Tire,,
Vehicle__,/m/07yv9,Vehicle,,
Canoe__,/m/0ph39,Canoe,,
Shelf__,/m/0gjbg72,Shelf,,
Human leg__,/m/035r7c,Human leg,,
Slow cooker__,/m/02tsc9,Slow cooker,,
Croissant__,/m/015wgc,Croissant,,
Pancake__,/m/01dwwc,Pancake,,
Coin__,/m/0242l,Coin,,
Stretcher__,/m/02lbcq,Stretcher,,
Woman__,/m/03bt1vf,Woman,,
Stairs__,/m/01lynh,Stairs,,
Harpsichord__,/m/03q5t,Harpsichord,,
Human mouth__,/m/0283dt1,Human mouth,,
Juice__,/m/01z1kdw,Juice,,
Skull__,/m/016m2d,Skull,,
Door__,/m/02dgv,Door,,
Violin__,/m/07y_7,Violin,,
Digital clock__,/m/06_72j,Digital clock,,
Sunflower__,/m/0ftb8,Sunflower,,
Leopard__,/m/0c29q,Leopard,,
Bell pepper__,/m/0jg57,Bell pepper,,
Harbor seal__,/m/02l8p9,Harbor seal,,
Snake__,/m/078jl,Snake,,
Sewing machine__,/m/0llzx,Sewing machine,,
Goose__,/m/0dbvp,Goose,,
Seat belt__,/m/0dkzw,Seat belt,,
Coffee cup__,/m/02p5f1q,Coffee cup,,
Microwave oven__,/m/0fx9l,Microwave oven,,
Countertop__,/m/0b3fp9,Countertop,,
Serving tray__,/m/0h8n27j,Serving tray,,
Dog bed__,/m/0h8n6f9,Dog bed,,
Beer__,/m/01599,Beer,,
Sunglasses__,/m/017ftj,Sunglasses,,
Waffle__,/m/01dwsz,Waffle,,
Palm tree__,/m/0cdl1,Palm tree,,
Trumpet__,/m/07gql,Trumpet,,
Ruler__,/m/0hdln,Ruler,,
Office building__,/m/021sj1,Office building,,
Pomegranate__,/m/0jwn_,Pomegranate,,
Skirt__,/m/02wv6h6,Skirt,,
Raven__,/m/06j2d,Raven,,
Goat__,/m/03fwl,Goat,,
Kitchen knife__,/m/058qzx,Kitchen knife,,
Salt and pepper shakers__,/m/02x8cch,Salt and pepper shakers,,
Lynx__,/m/04g2r,Lynx,,
Boot__,/m/01b638,Boot,,
Platter__,/m/099ssp,Platter,,
Swimwear__,/m/01gkx_,Swimwear,,
Swimming pool__,/m/0b_rs,Swimming pool,,
Drinking straw__,/m/03v5tg,Drinking straw,,
Wrench__,/m/01j5ks,Wrench,,
Ant__,/m/0_k2,Ant,,
Human ear__,/m/039xj_,Human ear,,
Headphones__,/m/01b7fy,Headphones,,
Fountain__,/m/0220r2,Fountain,,
Bird__,/m/015p6,Bird,,
Jeans__,/m/0fly7,Jeans,,
Television__,/m/07c52,Television,,
Crab__,/m/0n28_,Crab,,
Home appliance__,/m/019dx1,Home appliance,,
Snowplow__,/m/04vv5k,Snowplow,,
Beetle__,/m/020jm,Beetle,,
Artichoke__,/m/047v4b,Artichoke,,
Jet ski__,/m/01xs3r,Jet ski,,
Stationary bicycle__,/m/03kt2w,Stationary bicycle,,
Human hair__,/m/03q69,Human hair,,
Brown bear__,/m/01dxs,Brown bear,,
Lobster__,/m/0cjq5,Lobster,,
Drink__,/m/0271t,Drink,,
Saucer__,/m/03q5c7,Saucer,,
Insect__,/m/03vt0,Insect,,
Castle__,/m/0d5gx,Castle,,
Jaguar__,/m/0449p,Jaguar,,
Musical instrument__,/m/04szw,Musical instrument,,
Taxi__,/m/0pg52,Taxi,,
Pitcher__,/m/054fyh,Pitcher,,
Invertebrate__,/m/03xxp,Invertebrate,,
High heels__,/m/06k2mb,High heels,,
Bust__,/m/04yqq2,Bust,,
Scarf__,/m/02h19r,Scarf,,
Barrel__,/m/02zn6n,Barrel,,
Pumpkin__,/m/05zsy,Pumpkin,,
Frog__,/m/09ld4,Frog,,
Human face__,/m/0dzct,Human face,,
Van__,/m/0h2r6,Van,,
Swim cap__,/m/04tn4x,Swim cap,,
Ostrich__,/m/05n4y,Ostrich,,
Handgun__,/m/0gxl3,Handgun,,
Lizard__,/m/04m9y,Lizard,,
Snowmobile__,/m/01x3jk,Snowmobile,,
Light bulb__,/m/0h8l4fh,Light bulb,,
Window blind__,/m/031b6r,Window blind,,
Muffin__,/m/01tcjp,Muffin,,
Pretzel__,/m/01f91_,Pretzel,,
Horn__,/m/0319l,Horn,,
Furniture__,/m/0c_jw,Furniture,,
Fox__,/m/0306r,Fox,,
Convenience store__,/m/0crjs,Convenience store,,
Fruit__,/m/02xwb,Fruit,,
Earrings__,/m/01r546,Earrings,,
Curtain__,/m/03rszm,Curtain,,
Sofa bed__,/m/03m3pdh,Sofa bed,,
Luggage and bags__,/m/0hf58v5,Luggage and bags,,
Desk__,/m/01y9k5,Desk,,
Crutch__,/m/05441v,Crutch,,
Bicycle helmet__,/m/03p3bw,Bicycle helmet,,
Tick__,/m/0175cv,Tick,,
Canary__,/m/0ccs93,Canary,,
Watch__,/m/0gjkl,Watch,,
Lily__,/m/0jqgx,Lily,,
Kitchen appliance__,/m/0h99cwc,Kitchen appliance,,
Filing cabinet__,/m/047j0r,Filing cabinet,,
Aircraft__,/m/0k5j,Aircraft,,
Cake stand__,/m/0h8n6ft,Cake stand,,
Candy__,/m/0gm28,Candy,,
Mouse1__,/m/04rmv,Mouse1,,
Wine__,/m/081qc,Wine,,
Drawer__,/m/0fqfqc,Drawer,,
Picnic basket__,/m/07kng9,Picnic basket,,
Dice__,/m/029b3,Dice,,
Football helmet__,/m/07qxg_,Football helmet,,
Shorts__,/m/01bfm9,Shorts,,
Gondola__,/m/02068x,Gondola,,
Honeycomb__,/m/0fz0h,Honeycomb,,
Chest of drawers__,/m/05kyg_,Chest of drawers,,
Land vehicle__,/m/01prls,Land vehicle,,
Bat__,/m/01h44,Bat,,
Dagger__,/m/02gzp,Dagger,,
Tableware__,/m/04brg2,Tableware,,
Human foot__,/m/031n1,Human foot,,
Mug__,/m/02jvh9,Mug,,
Alarm clock__,/m/046dlr,Alarm clock,,
Pressure cooker__,/m/0h8ntjv,Pressure cooker,,
Human hand__,/m/0k65p,Human hand,,
Sword__,/m/06y5r,Sword,,
Miniskirt__,/m/01cmb2,Miniskirt,,
Traffic sign__,/m/01mqdt,Traffic sign,,
Girl__,/m/05r655,Girl,,
Dinosaur__,/m/029tx,Dinosaur,,
Porch__,/m/04m6gz,Porch,,
Human beard__,/m/015h_t,Human beard,,
Submarine sandwich__,/m/06pcq,Submarine sandwich,,
Screwdriver__,/m/01bms0,Screwdriver,,
Seafood__,/m/06nwz,Seafood,,
Racket__,/m/0dv9c,Racket,,
Wheel__,/m/083wq,Wheel,,
Toy__,/m/0138tl,Toy,,
Tea__,/m/07clx,Tea,,
Waste container__,/m/0bjyj5,Waste container,,
Mule__,/m/0dbzx,Mule,,
Pineapple__,/m/0fp6w,Pineapple,,
Coffee table__,/m/078n6m,Coffee table,,
Snowman__,/m/0152hh,Snowman,,
Lavender__,/m/04gth,Lavender,,
Maple__,/m/0cffdh,Maple,,
Cowboy hat__,/m/025rp__,Cowboy hat,,
Goggles__,/m/02_n6y,Goggles,,
Caterpillar__,/m/0cydv,Caterpillar,,
Poster__,/m/01n5jq,Poster,,
Rocket__,/m/09rvcxw,Rocket,,
Organ__,/m/013y1f,Organ,,
Cocktail__,/m/024g6,Cocktail,,
Plastic bag__,/m/05gqfk,Plastic bag,,
Mushroom__,/m/052sf,Mushroom,,
Light switch__,/m/03jbxj,Light switch,,
Parachute__,/m/0cyfs,Parachute,,
Winter melon__,/m/02cvgx,Winter melon,,
Plumbing fixture__,/m/02pkr5,Plumbing fixture,,
Scoreboard__,/m/057p5t,Scoreboard,,
Envelope__,/m/0frqm,Envelope,,
Bow and arrow__,/m/01g3x7,Bow and arrow,,
Telephone__,/m/07cx4,Telephone,,
Jacket__,/m/032b3c,Jacket,,
Boy__,/m/01bl7v,Boy,,
Otter__,/m/0cn6p,Otter,,
Office supplies__,/m/02rdsp,Office supplies,,
Couch__,/m/02crq1,Couch,,
Bull__,/m/0cnyhnx,Bull,,
Whale__,/m/084zz,Whale,,
Shirt__,/m/01n4qj,Shirt,,
Tank__,/m/07cmd,Tank,,
Accordion__,/m/0mkg,Accordion,,
Owl__,/m/09d5_,Owl,,
Porcupine__,/m/0c568,Porcupine,,
Sun hat__,/m/02wbtzl,Sun hat,,
Nail__,/m/05bm6,Nail,,
Lamp__,/m/0dtln,Lamp,,
Crown__,/m/0nl46,Crown,,
Piano__,/m/05r5c,Piano,,
Sculpture__,/m/06msq,Sculpture,,
Cheetah__,/m/0cd4d,Cheetah,,
Oboe__,/m/05kms,Oboe,,
Tin can__,/m/02jnhm,Tin can,,
Mango__,/m/0fldg,Mango,,
Tripod__,/m/073bxn,Tripod,,
Oven__,/m/029bxz,Oven,,
Coffee__,/m/02vqfm,Coffee,,
Common fig__,/m/043nyj,Common fig,,
Salad__,/m/0grw1,Salad,,
Marine invertebrates__,/m/03hl4l9,Marine invertebrates,,
Kangaroo__,/m/04c0y,Kangaroo,,
Human arm__,/m/0dzf4,Human arm,,
Measuring cup__,/m/07v9_z,Measuring cup,,
Snail__,/m/0f9_l,Snail,,
Suit__,/m/01xyhv,Suit,,
Teapot__,/m/01fh4r,Teapot,,
Bottle__,/m/04dr76w,Bottle,,
Trousers__,/m/07mhn,Trousers,,
Popcorn__,/m/01hrv5,Popcorn,,
Centipede__,/m/019h78,Centipede,,
Spider__,/m/09kmb,Spider,,
Sparrow__,/m/0h23m,Sparrow,,
Plate__,/m/050gv4,Plate,,
Bagel__,/m/01fb_0,Bagel,,
Personal care__,/m/02w3_ws,Personal care,,
Brassiere__,/m/01gmv2,Brassiere,,
Bathroom cabinet__,/m/04y4h8h,Bathroom cabinet,,
studio couch__,/m/026qbn5,studio couch,,
Cabinetry__,/m/01s105,Cabinetry,,
Towel__,/m/0162_1,Towel,,
Nightstand__,/m/02z51p,Nightstand,,
Jug__,/m/08hvt4,Jug,,
Wok__,/m/084rd,Wok,,
Human eye__,/m/014sv8,Human eye,,
Skyscraper__,/m/079cl,Skyscraper,,
Potato__,/m/05vtc,Potato,,
Paper towel__,/m/02w3r3,Paper towel,,
Lifejacket__,/m/054xkw,Lifejacket,,
Bicycle wheel__,/m/01bqk0,Bicycle wheel,,
Toilet__,/m/09g1w,Toilet,,